{
  "Profiles": [
    {
      "Name": "Dotfiles Profile",
      "Guid": "7E7E3D37-8E5C-4F3B-9B8C-4A3E2C3D4E5F",
      "Normal Font": "FiraCodeNerdFontComplete-Regular 14",
      "Non Ascii Font": "FiraCodeNerdFontComplete-Regular 14",
      "Use Non-ASCII Font": true,
      "Vertical Spacing": 1.0,
      "Horizontal Spacing": 1.0,
      "Use Ligatures": true,
      "ASCII Ligatures": true,
      "Custom Command": "No",
      "Working Directory": "~",
      "Prompt Before Closing 2": false,
      "Selected Text Color": {
        "Red Component": 0.0,
        "Green Component": 0.0,
        "Blue Component": 0.0
      },
      "Selection Color": {
        "Red Component": 0.7,
        "Green Component": 0.8352941176,
        "Blue Component": 1.0
      },
      "Ansi 0 Color": {
        "Red Component": 0.10051589459180832,
        "Green Component": 0.10051288455724716,
        "Blue Component": 0.10051459074020386
      },
      "Ansi 1 Color": {
        "Red Component": 0.95683503150939941,
        "Green Component": 0.0,
        "Blue Component": 0.3728577196598053
      },
      "Ansi 2 Color": {
        "Red Component": 0.59473341703414917,
        "Green Component": 0.87921047210693359,
        "Blue Component": 0.14004382491111755
      },
      "Ansi 3 Color": {
        "Red Component": 0.87748134136199951,
        "Green Component": 0.83635991811752319,
        "Blue Component": 0.38154411315917969
      },
      "Ansi 4 Color": {
        "Red Component": 0.61468899250030518,
        "Green Component": 0.39599207043647766,
        "Blue Component": 0.99877572059631348
      },
      "Ansi 5 Color": {
        "Red Component": 0.61468899250030518,
        "Green Component": 0.39599207043647766,
        "Blue Component": 0.99877572059631348
      },
      "Ansi 6 Color": {
        "Red Component": 0.34798392653465271,
        "Green Component": 0.63632458448410034,
        "Blue Component": 0.69651949405670166
      },
      "Ansi 7 Color": {
        "Red Component": 0.9383770823478699,
        "Green Component": 0.9383769631385803,
        "Blue Component": 0.9383770227432251
      },
      "Ansi 8 Color": {
        "Red Component": 0.49889594316482544,
        "Green Component": 0.49889594316482544,
        "Blue Component": 0.49889594316482544
      },
      "Ansi 9 Color": {
        "Red Component": 0.95683503150939941,
        "Green Component": 0.0,
        "Blue Component": 0.3728577196598053
      },
      "Ansi 10 Color": {
        "Red Component": 0.59473341703414917,
        "Green Component": 0.87921047210693359,
        "Blue Component": 0.14004382491111755
      },
      "Ansi 11 Color": {
        "Red Component": 0.87748134136199951,
        "Green Component": 0.83635991811752319,
        "Blue Component": 0.38154411315917969
      },
      "Ansi 12 Color": {
        "Red Component": 0.61468899250030518,
        "Green Component": 0.39599207043647766,
        "Blue Component": 0.99877572059631348
      },
      "Ansi 13 Color": {
        "Red Component": 0.98018889129161835,
        "Green Component": 0.18891248106956482,
        "Blue Component": 0.99986910820007324
      },
      "Ansi 14 Color": {
        "Red Component": 0.34798392653465271,
        "Green Component": 0.63632458448410034,
        "Blue Component": 0.69651949405670166
      },
      "Ansi 15 Color": {
        "Red Component": 0.9383770823478699,
        "Green Component": 0.9383769631385803,
        "Blue Component": 0.9383770227432251
      },
      "Foreground Color": {
        "Red Component": 0.9383770823478699,
        "Green Component": 0.9383769631385803,
        "Blue Component": 0.9383770227432251
      },
      "Background Color": {
        "Red Component": 0.10051589459180832,
        "Green Component": 0.10051288455724716,
        "Blue Component": 0.10051459074020386
      },
      "Bold Color": {
        "Red Component": 0.9383770823478699,
        "Green Component": 0.9383769631385803,
        "Blue Component": 0.9383770227432251
      },
      "Cursor Color": {
        "Red Component": 0.9383770823478699,
        "Green Component": 0.9383769631385803,
        "Blue Component": 0.9383770227432251
      },
      "Cursor Text Color": {
        "Red Component": 0.10051589459180832,
        "Green Component": 0.10051288455724716,
        "Blue Component": 0.10051459074020386
      },
      "Cursor Guide Color": {
        "Red Component": 0.70213186740875244,
        "Green Component": 0.9268307089805603,
        "Blue Component": 1
      },
      "Badge Color": {
        "Red Component": 1,
        "Green Component": 0.1491314172744751,
        "Blue Component": 0.0
      },
      "Link Color": {
        "Red Component": 0.0,
        "Green Component": 0.35916060209274292,
        "Blue Component": 0.57817745208740234
      }
    }
  ]
}